Name,Date,Rate,Comment,Helpful
ki djoko bontot,26/08/2020,5,"hello Tencent... Akun saya kena hack, dia mengaitkan akun twitter miliknya dengan akun PUBG saya karna saya hanya mengaitkan satu akun saja google play game (gmail) yang mau saya tanyakan, apakah akun saya bisa saya ambil kembali ??? tolong kebijaksanaannya. Saya sudah habis banyak duit untuk upgrade Royal Pass dan Beli UC.",62
Muhammad Agung prasetyo,27/08/2020,2,"Saya kasih bintang 2 aja... Karna masih banyak cheater nya... Saya nggak masalah tentang update nya.. Tapi ini masalah dengan permainan.. Masa iya update sudah berkali2 tapi masih aja ada cheater, saya merasa kecewa seperti ini... Dulu cheater nggak separah ini.. Sekarang cheater malah terang - terangan.. Banyak streamer yg menggunakan cheat di tonton banyak orang.. Tapi alhasil mereka senang semua nggak ada yg di banned.... Saya harap di season 15 nanti dan seterusnya lebih di perhatikan !!!",54
Aji.baggaz Pamungkas,24/08/2020,1,"Saya coba instal app PUBG lagi, muda-mudahan kalau nembak player tidak ke blokir lagi. Karna itu saya sempat un instal tadi, karna saya pikir percuma dong punya game perang tapi tidak bisa nembak musuh. Mana ni tancent bantuin dong, umpan balik aja lewat email tak ada gunanya. Malah bikin saya setres, dipantau dong. Di pantau itu klien kamu, jangan sampai kaya aku. Udah beli UC beli langganan prime dan prime plus, malah game nya gak bisa buat main. Rugi aku..",50
RESORT Official,26/08/2020,5,"gamenya seru, dan bisa belajar kelincahan, tetapi saya mengalami kendala saat bermain di map Livik, saat saya turun di suatu rumah, rumah itu masih burik belum berbentuk rumah, itu kenapa ya? tanahnya juga burik, tetapi kalo saya main di map lain itu normal-normal saja, mohon Tencent Games untuk memperbaiki bug-bug yang ada di map Livik supaya gamenya makin seru,,, MakasihğŸ™ğŸ™â˜ºï¸â˜ºï¸",2
Ryuga Octoramdhani,22/08/2020,2,"Kenapa setelah update versi 0.19.0saya tidak bisa masuk matching?padahal sinyal saya biasanya 81ms/43ms bisa masuk,kenapa sekarang tidak bisa,tolong di perbaiki,meskipun memakai WiFi atau data seluler yang lain,tetap saja tidak bisa masuk matching,saya sudah perbaiki pubg saya tetapi tetap saja tidak bisa,dan saya sudah melaporkan hal ini,tetapi tidak ada respon apa apa, ..TOLONG DI PERBAIKI",4
Gilang HaikalRamadhan,20/08/2020,2,"Dimohon untuk developer pubg yang terhormat. Masih banyak bug yang harus diperbaiki segera. Contohnya seperti ghyroscope yang suka eror, koneksi yang tiba tiba hilang(padahal ping nya 20ms) dan bug lainnya yang sangat meresahkan. Terutama ghyroscope nya. Kasihan untuk orang yang bermain full ghyro. Mohon diperbaiki segera. Bintang menyusul.",4
Daffa Izzudin,24/08/2020,4,"Gamenya sih bagus... Terus semangat Tencent buat memperbaiki bugnya. Oh ya, kenapa saya jika reconnecting selalu saja error'? Apa karena hp saya yg kurang mumpuni? Atau bagaimana Tencent?. Terkadang setiap bermain selalu saja relog terus ketika masuk ke dalam game. Tiba2 tidak ada teman, tidak terlihat musuh, tidak bisa naik mobil dan mic sering rusak. Mohon ya Tencent diperbaiki reconnectingnya dan relognya. Karena itu benar2 mengganggu pengalaman bermain saya. Mohon ya Tencent. Terimakasih.",
Vins Aurelio,18/08/2020,3,"Tencent, kenapa ya kalau setiap kali saya turun di piramid, pasti selalu ngebug. Bugnya macam-macam. Contoh: waktu saya sudah turun di piramid selalu tembus sampai ke bawah bahkan ke laut selama 20 detik lebih dan saat bugnya selesai saya tidak dapat apa-apa sedangkan musuh sudah dapat senjata, kedua wak tu sampai di piramid badan saya seperti melayang karena bentuk piramidnya masih belum terbentuk(masih kuning saja). TOLONG DIPERBAIKI!!!!!!",2
VEZA PERMANA,24/08/2020,5,"Ncent maap maap aja ni ya,awalnya akun saya baik"" ga menggunakan cheat atau semacamnya lah namun kenapa akunn saya bisa dibanned 10 tahun,padahal skin sudah banyak,saya gamau tau diakun baru saya ini saya harus mendapat skin legend banyak sperti dulu lagi!!!!!!!!!!!!!",3
Ansel Nardo,25/08/2020,5,INI GEM SEKARANG MACAM BABI SAJA. Gelek terus. Sikit2 pembaruan lagi. Main gelek terus. Dasar otak babi kau anjing. Di mana nikmat mainnya kalau gelek terus. Yang muncul sms waktu permainan habis. Padahal jaringan masih setabil. Dasar babi anjing yang atur ini gem. Yang ada koropsi data. Main gelek. Jual barang mahal. Otak babi kau.,1
Wizard,17/08/2020,4,"Hallo tencent...saya player pubgm yang mungkin sudah lama bermain pubgm dari season 1 tapi knp akhir akhir ini saya dalam bermain game sering mengalami freeze dan frame knp ya...?? Untuk game nya sudah bagus bgt dari segi grafik dll..tapi untuk kenyamanan bermain harus lebih di tingkat kan deh..soalnya saya sering mengalami lag,patah patah,ngefreze dll..tolong banget untuk tencent segera diperbaiki nanti saya tambah bintang nya..",1
Yusuf Fajri,20/08/2020,1,"Mohon cepat ditangani 1. Waktu saya main di map Sanhok, sebenarnya saya itu sudah Winner Winner Chicken Dinner kenapa tampilan chicken dinnernya gak muncul padahal sudah saya tunggu lama, sehingga saya langsung ke lobby dan tier saya langsung turun banyak. 2. Sering keluar sendiri dan AFK sendiri saat bertanding, padahal sinyal kartu saya bagus. 3. Saat turun dari pesawat atau pada saat awal pertandingan, lingkungan sekitar sering bug, rumah-rumah, dan sekelilingnya sering terjadi bug.",1
MazushÄ«,25/08/2020,1,"Game ini sudah mulai sepi, sudah banyak yang pensiun termasuk teman teman saya, karena ulah Tencent itu sendiri, terlalu banyak update besar yang tidak penting, terlalu banyak item item yang nggak peting dan event yang aneh aneh, contoh stiker dan emoji cherpark yang sangat tidak berguna dan sudah mulai pay to win, menurut saya Tencent sudah merusak PUBG, game ini terkenal game realistik dan saya suka hal seperti itu, tapi sekarang semenjak di pegang oleh Tencent ciri khas PUBG sudah hilang.",3
Mustofa Risqi,27/08/2020,2,"Halo, saya bulan lalu membeli berlangganan PRIME, dan ini sudah 1 bulan dan sudah saya batalkan. Tetapi kenapa sudah lebih 1 hari saya masih menerima UC? Padahal sudah saya batalkan, mohon bantuannya. Saya takut kalo pulsa saya kepotong cuma garaÂ² ini, mohon bantuannya. Please.",
Anjas Ramadan,27/08/2020,1,"Makin hari kelihatan PUBG MOBILE ini tidak asik lagi,banyak yg sudah pensiun karena,karena banyaknya event 2 terbaru yg tidak penting bagi pencinta PUBG lainya,,malahan season ini banyak ini itu, malu lah dengan game sebelah yg tidak ada kendalanya,jangan disamakan game mobil lainya jaringan rusak langsung tidak ada server,ini malahan kehilangan server hampir setiap hari kehilangan server,dan 1 lagi kesalahan mengunduhnya dimana?????saya kasi 1 bintang,",
Muhammad Arham,12/08/2020,2,"Dear tencent, game yang kamu buat sangat bagus, tetapi saya harap developer dari tencent juga mendengar keluh kesah pemainnya. Saya mohon untuk perbaiki bug yang ada terlebih dahulu (fix the bug first) lalu buatlah update, (and then launch update). Karena percuma jika game PUBG update besar-besaran tetapi bug yang ada di in-game belum di perbaiki (bug in game do not fixed yet) tolong di perbaiki. PLEASE FIX THIS BUGS BEFORE YOU DO AN UPDATE 1. SPECTATOR BUG 2. MICROPHONE BUG 3. SIGNAL BUG. Thx.",5
Mohamad Gusti Maula Fajri,22/08/2020,1,"Lagi enak enak mabar tiba"" Pas turun dari parasut, malah bukan turun ke tanah, malah turun ke bawah tanah, wkwkw ngakak, coba bug nya tolong di perbaiki lagi, masalah jaringan. Di sini jaringan nya bagus banget... Makin ke sini malah makin banyak bug...",1
Anggi Anggi,27/08/2020,1,"Setelah update new era apa cuma gue yang selalu kluar game tiba"" bahkan saat late game datang notiv pertempuran sudah selesai,,, padahal PING 80 loh,,,, 10 pertandingan saya selalu begitu, ni saya akan coba lagi,,,,, jika masih begitu jugak berhenti gue main pubg",1
BANG SPIDEY,25/08/2020,5,"Gw rasa game ini membutuhkan banyak ruang ram yang banyak, oleh karena itu sering terjadi lag,bug,hp mudah panas dll.up datenya gak ngotak,terlebih lagi, Banyak bug, cheater,updete gak guna,dll.Ini game sampah,tapi free fire lebih buruk dari sampah. Lebih baik kurangi mode-mode yg kurang berguna,supaya merendahkan ram nya.karena menurut saya, lebih baik performa game daripada update tan yang lain, Trimakasih min. Follow gw = BangSpidey1945 Jangan lupa ya..",3
Ahmad Amin,20/08/2020,5,"Saat matchmaking carikan server yang cocok dengan koneksi playernya agar tetap stabil, saya main 3Ã— game yang pertama lancar, kedua stuck di 90-150ms saya udah menggunakan data seluler dan juga wifi tetap sama, yang ke 3 lancar seperti game pertama. Dan pesan yang terakhir Kenapa setelah update map livik spek framerate turun dari yang high menjadi medium setelah update. Meski sepele tapi itu sangat berpengaruh pada performa player. Tolong segera perbaiki, saya kasih rating 5 agar segera diurus:)",1
Simare Oficial Channel,24/08/2020,1,"Woyy!!! Ini PUBG kenapa jadi gini sih!! Suka ngebug lah, suka kluar sendiri, padahal jaringan baguss!! Dan paling kesel nya lagi Ngeleg ngeleg!!! Hp gua ram 3/32! Masaa HandPhone Gua cuman Buat game lu doang si??? Di pikir lah Boy kalo Buat game nya, gua tau game lu keren! Tapi ga gini juga, emng orang elite doang yang mau main Pubg? Gila sadis banget game ini, mengalahkan tingkat hp, skalian aja ini game buat PC only!! Ga usah lu balas bilang oke oke akan saya perbaikan game ini!! Palsu!",1
Fazlur Rahman,19/08/2020,3,"Masuka dari saya untuk tencent yg tercinta â¤ï¸ tolong ya, jangan sering update yg besar"", lama"" HP saya penuh dengan memori ini game. Sekali update bisa sampai 500mb. Dan tolong, mungkin ada cara untuk lebih meng optimalkan game play game ini di HP"" menengah seperti RAM 4gb dan snapdragon 700 kebawah terutama framing yg sering menghantui kami. Terimakasih ğŸ™‚",
Lukman Jaya,27/08/2020,1,"Yg hp kentang, g bakal bisa pro main nya. Aplikasinya berat kali.tidak seru... Game pubg bukan untuk kalangan bawah. Cuman hp keren yg bisa main. Game orang kaya. Yg hp kentang, cari game lain aja deh. Pubg g se seru dulu lagi. God bye pubg......",
Yoga Awaan,26/08/2020,3,"Apa disini ada yg bermasalah sama akun ny ?? Kenapa sudah 6x ini tengah2 match tiba keluar dan ada pemberitahuan ""kami telah memutus koneksi anda karena kesalahan data klien ,mohon periksa koneksi anda dan coba lagi"" , sudah coba hbungi tencent tapi gak membantu sma skali . Ini sangat tidak nyaman. apa pernah ada yg begitu ? Mohon pencerahanya ğŸ™",
Lily D,23/08/2020,1,"Kalo gak bisa punya akun sultan, jangan main game nih kalo gak mau kecewa, akun sultan yg dah top global pakai cheat, di jokiin Cheater, se team sama Cheater akun sultan, di report rame2 sama player mo by system atau email gak bakal di banned. Kenapa? Karena akun sultan sumber penghasilan nih game. Kalo akun lu miskin trus nge cheat atau se team sama Cheater akun miskin trus ke report, segera lah ke banned. Gak adil kan? Capek 2 nge push gak guna. Yang dah lama main nih game pasti tau.",
Mohammad Andre Prastyawan,17/08/2020,3,"Game ini bagus sekali .... Grafiknya keren , pengontrol juga ok . Tapi ada satu masalah yang sangat tidak mengenakan yaitu tentang jaringan ke servernya , tiba"" koneksi terputus saat bermain ... Itu lah yang bikin geram saya .... Dan juga masalah tentang cheters yang merajalela Tolong perbaiki ya .... trima kasih ğŸ™‚",1
Putu Budiastawa,15/08/2020,3,Parah sih. Semakin banyak event semakin banyak bug. Terutama bug mic. Harus relog berkali-kali agar bisa bagus. Blum lagi frame saat ketemu musuh. Render yg berlebihan. Balikin PUBG Mobile yg dulu Dimana sedikit evet dan sedikit bug. Lama-lama yg hp spek menengah bakal pensi jika terus sprti ini.,1
mp3 burung,12/08/2020,1,"Kenapa pubg semakin kesini bukan semakin baik malah semakin menyusahkan, selain ukuran yang semakin besar, bug juga dimana- mana, ini lagi, di hp saya ngeblink terus, padahal sinya stabil hijau, apakah pubg sudah tidak maksimal di hp ram 4 versi lama ?? Jawab",3
Dğ–¤“Eğ–¤“Nğ–¤“Iğ–¤“Gğ–¤“B 81,25/08/2020,3,"Saya main random sama squad asing, saya dilempari molotov bisa selamat, kemudian dilempar granat, kemudian ditabrak sampai mati. Saya laporkan ke tiga-tiganya, tapi setelah saya cek merit mereka masih utuh. Saya mohon untuk teman satu tim yang dengan sengaja membunuh rekan satu tim dihukum berat, selain meritnya dipotong tiernya juga diturunkan ke brown v biar kapok.",
Althaf Anugrah Indra,19/08/2020,2,Halo Tencent. Evoground arena saya selalu bermasalah diawal. Para player dan enemynya seolah olah tiada. Pas udah mau selesai baru ada. Tolong diperbaiki ya. Dan sekarang sinyal mulai tidak jelas. Tidak pernah stabil. Hal ini menurunkan performa saya. Nonton Yt lancar. Pubg merah ter00s. Tolong diperbaiki,1
Aziz Zakariya,13/08/2020,2,"Sekarang PUBG semakin berat, HP sy main PUBG versi Lama masih smooth banget, PUBG sekarang setelah Update semakin lemottt, tlong dioptimalkan lagi!!! Masa saya harus ganti HP lagi????? Tlong lah padahal hp gw udh pake snapdragon 636 ,prosesor octa core, knp masih lag dan patah"".",4
FanZa271,26/08/2020,5,"Pengalihan isu...!!! â€¢ Tiki Taka, terdiri dari 8 huruf dan 2 kata, tetap kawal 8-2ğŸ”¥. â€¢ Nomer punggung K.Coman 29 trus golin 1, 29-1 = 28ğŸ˜‚ . â€¢ 8-2 = 6, Munchen juara UCL ke 6x nya. â€¢ Klasemen Munchen 82 Poin. â€¢ K.Coman nyetak skor dimenit 59, nomer punggung 29, juara UCL ke 6 59+29-6 = 82ğŸ˜‚ â€¢ Nomer punggung penyerang PSG, Mbappe(7),Neymar(10),Dimaria(11) 7+10+11 = 28 â€¢ Lewandowski(15gol),Gnabry(9gol),Muller(4gol) 15+9+4 = 28ğŸ˜‚ #tetapkawal82/28 #Cocokologi",
Said Abdullah,20/08/2020,5,"Sebelumnya saya mohon maaf ğŸ™karena setiap saya main ad a saja bug ğŸ˜¡. Tembus dinding, auto headshot,dan bug mobil terbang .Pokoknya banyak ceather nya !!!. Tolong dong pihak studio PUBG di buang,hapus bug nya. Dan jika updet jangan keseringan , Saran saya hanya updet nya pass ada hariÂ²penting saja kaya event dulu CRISMAS DAn yg lainÂ², Ya tolong saya penggemar setia PUBG tolong lahğŸ˜€ğŸ˜ƒ",2
ANUBIS GAMING,04/08/2020,2,"Game nya udah bagus dari segi grafis fps dan lainnya...tapi yang jadi masalah itu harusnya map yang gak terlalu beguna itu di hapus saja seperti mode payload , TDM warehouse, dan data resouce itu... Mohon di bikin seperti dulu saja tanpa mendownload data resouce skin udah terlihat... Dan untuk TDM warehouse itu di hapus saja, kan sudah ada arena training.... Agar untuk pemain itu bisa lebih nyaman saat memainkan game ini. Terima Kasih",8
orisky ardiano,06/08/2020,2,"game ini tergolong game berat, untuk hp menengah ke atas, sama hal nya mobile legend sekarang makin berat, hp lawas bakal gangguan jaringan, coba pake WiFi sepi pengguna untuk bermain mungkin bisa lancar. Updatenya gila gilaan, kalo pingin yg ringan download pubg lite aja dulu, aku juga merasakan hal yg sama, aku kecewa dg peningkatan pubg dari pasaran grade c ke grade a",7
Good Mood,06/08/2020,1,"Jaringan bagus, spek HP cukup, kenapa tiap mau login Memuat.... Memuat....Memuat.... Mentok di memuat, dikit2 Memuat...Memuat...Login butuh 1 jam. Pas main memuat..., pas konek udah mati ditembak. Main game ini harus pake wifi kayanya, jaringan seluler ga bakal kuat.",5
Raihanun Fadilla,27/08/2020,1,"Mohon maaf Tencent, ini kenapa saya susah masuk server pertandingan ya ?, Gagal masuk terus, ato kalo udah masuk gagal menyambungkan kembali ?, Padahal jaringannya stabil, kubuat main game online lain aja cepet, kok mau maen pubg malah gabisa ?",
Samsul Arif,26/08/2020,5,"Suka banget maen PUBG, awalnya emng user PUBG aku sendiri, coba rekrut temenÂ² ada yang mau maen juga terus buat clan sekampung, tp saya kangen lagu ""ON MY WAY"" , season 6 di lobby dan di mobil, bisa gak di munculin lagi, saya yakin pasti semua user PUBG bakalan suka, mohon di pikir admin PUBG. Saya kasih 5 bintang karena emang harus 5 bintang untuk game nya grafik nya, thanks Tencent Games udah ngerilis GAME PUBG MOBILE",
Yodi Sriwahyudi,25/08/2020,1,Kecewa berat.... tecent kenapa buat kami hp kentang yang menggunakan gfx dan root harus di ban.. khusus nya saya .. Saya menggunakan hp spek rendah.. dan menggunakan root hanya untuk mempercepat kinerja hp.. dan sebelum nya tidak masalah... dan gfx hanya untuk memperlancar game.. dan sebelumnya tidak masalah.. tapi sekarang akun saya malah di ban .. walaupum 1 hari.. saya kecewa berat tencent.. terpaksa saya uninstal game pubg.. mohon dibaca dan segera di atasi.. terimakasih... good bye pubg,
Anggi Alan,27/08/2020,3,"Untuk update selama season 14 , saya sudah tidak menemukan bug lagi, tapi kenapa saya kalau setiap main koneksi saya diputus oleh pihak Tencent, sinyal/PING saya bagus selalu 30ms, padahal saya tidak pernah mengubah data klien dan tidak melanggar perjanjian pengguna, tolong perbaiki lagi saya setiap main selalu sinyal diputus pihak Tencent selama 10 menit",
A2L Channel,24/08/2020,5,"Game nya bagus,saya ingin menyampaikan keluhan yang ada di game pubg, tolong dong buat admin kadang kalo mau matching suka disconect,padahal jaringan bagus, cuman pubg yang gk bisa matching game lain bisa,dan tolong selesaikan masalah sinyal dulu jangan kebanyakan update kasian yang hp nya tidak mendukung, itu saja keluhan saya, saya berharap di bales sama admin trimakasih",2
Ariel Paat,27/08/2020,1,"Ngentod uninstal aja bos pubgnya. Buat yg belum download, gue saranin jgn di download gan. Pubg dah kayak tai njir bnyk bug nya, lawan suka ngeblink2 lagi terus gw yg mati. Kadang2 juga gamenya suka patah2, padahal jaringan wifi gw lagi oke. Pubg udah kek tai!!! Tencent babi, asw lah.",2
Mgatot Susanto,22/08/2020,2,"Sebelumnya saya sdh kasih bintang lima, skrng saya turunin bintang nya... Makin lama makin parah Tencent... Gw udh download malah ga bisa masuk permainan... Pilih server malah ga bisa, ga da pilihannya, tulisannya ga ada... Tolong dong di perbaiki bug yg macam ini... Jangan cuma bisanya naikin versi doang yg makin buat game ini smakin berat... Klo bguni trus pasti nya peminat dr game ini auto uninstall...",
Evin Yusni,18/08/2020,1,"Makin hari makin aneh,cheater byk,gak pada kena banned,sini main tanpa pihak ketiga/tanpa root/tanpa nge cheat.. bisa ke banned.. dr season pertama sampe 14,baru kebanned,gtw gara2 apa,terpaksa gw uninstall... padahal baru beli RP.. kalo gini rugi beli RP.",1
hermawan adi nugroho,25/08/2020,2,"Untuk developer pubg, saya minta untuk yang versi gelobal ini di permudah untuk mendapat skin dan beri hadiah event yang lebih menarik jangan cuma di kasih skin trial, karna saya merasa ngga adil, padahal versi korea hadiah eventnya jauh lebih menarik, dan lebih mudah dapet skin juga. Tolong lah jangan pelit.",
Abdee Kurnia,26/08/2020,4,"Akun saya seminggu terkahir ini sering di blokir 10 Menit dalam waktu 2 jam bisa 3 kali blokir, saya sama sekali tidak melakukan kecurangan, saya juga tidak dapat jawaban apa sebenarnya permasalahannya, saya pun tidak dijelaskan kenapa, bagaimana saya harus memperbaiki ? diemail sudah di CS sudah gak dapat jawaban yang jelas. TOLONG!",
Yoga Fordatkosu,19/08/2020,1,Game pubg dari season 11 dan sekarang kenapa saat mulai masuk pertempuran selalu gagal masuk . Dan keluar dari pertempuran terus . jadi tidak bisa menikmati game ini dengan baik.. terkadang rating selalu turun padahal belum masuk game mohon bantuannya tencent. Dan sudah sering kali saya kirim detail ini ke dalam game .. tapi tidak ad respon atau perbaikan!!,1
Mari Belajar,06/08/2020,1,"Season 14 ga jelas, dari match pertama sampai sekarang aku uda 200 match jumpa org luar terus, gak ada satupun sesuai region. Dan parah nya cheater makin banyak, uda di report malah ga ada tanggapan. Makin lama makin jadi sampah, duit aja yg lu pikirin.",1
Thoha Kartika,09/08/2020,1,"Aneh tencent yang sekarang, saya gk pake cheat/config/aplikasi pihak ketiga. Kok tibaÂ² akun saya kena banned sih ? Yakin ini game mau dipertahanin, sedangkan bug nya sangat merugikan playerÂ² sejati lho.. Tolong perbaiki sebelum kehilangan user lagi.. Mending main COC deh, tanpa bug tanpa emosiğŸ¤£ğŸ™Š",2
Giovander Ferisye Dase,02/08/2020,3,"Mohon pada tencent/developer game ini,game in memang bagus,tapi saya sebagai pemain menemukan bug,waktu saya bermain game PUBG ini,saya melakukan satu match dan saya tidak menemukan bug nya,tetapi waktu match kedua parah!!!!!!,masa sinyal saya 70ms kebawah,di pertengahan game,kok malah di suruh reconnect!!!!,kan jadi gak chicken.Mohon kepada developer segera di perbaiki!!!!!!!!!,kalo gini jadi gak seru!.",11
LOST CONTROL,14/08/2020,1,"Saya sangat menyesal sudah bermain pubg mobile, saya menyesal kenapa akun saya diblokir,, padahal saya tidak melakukan pelanggaran apapun,,saya sudah bermain pubg mobile hampir 2 tahun, dan sudah banyak uang yg saya keluarkan tetapi sekarang apa, akun saya di blokir selama 10 tahun, dan saya mengalami kerugian yg cukup besarğŸ˜­ğŸ˜­ğŸ˜­ğŸ˜­ Tertulis Akun anda di blokir karena terdeteksi menggunakan cheat terbuka 12-08-2030 Saya sangat benci dengan developer game ini",1
taufik adhyaksa,25/08/2020,4,"Game ini bagus sekali mulai dari grafiknya, item banyak, map nya besar. Tapi kenapa ya aku kasih bintang 4?.Karena game ini masih ada satu yang saya kurang suka yaitu para cheater tolonglah hapus para pemain yang curang itu karena bisa merugikan player - player lainnya juga. Terimakasih",
Dinda Tri Permatasari,23/08/2020,4,"Hari ini saya diblokir 3 kali ketika menembak player. Selama permainan berlangsung saya membunuh bot tidak terjadi masalah namun ketika membunuh player ditengah permainan langsung terdapat pemberitahuan "" Kami telah memutuskan koneksi Anda karena kesalahan data dengan klien Anda. Harap periksa koneksi jaringan Anda dan coba lagi. "" mungkin bisa dijelaskan hal ini terjadi dengan sebab apa? Karena benar-benar mengganggu saat proses permainan berlangsung. Terima kasih",
dandi revaldi,09/08/2020,4,"Saya maen udh lama, baru pertama kali kena bug berturut-turut, bug nya pas habis turun dari Piramida pas mau nyampe tanah malah bablas masuk tanah, apa lagi klo deket air itu sanagt merugikan, saya pas Deket air sampai mati karena ga bisa keluar dari bug nya. Tolong di perbaiki bug nya.",4
nasi goreng seulanga,12/08/2020,2,"Dear Tencent... tolonglah kami para pengguna hand phone yang RAM nya kecil. Saran dari kami kalau boleh usahakan aplikasi nya jangan sampai 2gb .. karena tidak semua orang itu punya handphone yang bagus yg RAM nya besar., apalagi kami dibawah kelas menengah.. tolonglah kami rakyat kecil. Kami juga ingin bermain game seperti orang lainnya.. terimakasih atas pengertiannya",
Ahmad Muarifin,17/08/2020,1,"Banyak yg mengalami kendala tidak bisa login, pun demikian dengan saya. Tidak bisa login walau pun jaringan udah maximal. Notifnya pasti 'server tidak merespon' Mohon segera diperbaiki bug ini, karna sangat merugikan player. Jangan sampai kami pindah ke game boorique frifayer",
Charles Calvin,18/08/2020,4,"Game sudah cukup bagus dan cukup seru, tapi semenjak update banyak bug seperti Friends listnya hilang, bug mic, dan spectator, dan update semakin besar, dan kadang saya mau update selalu terulang mulu dari 0% lagi hingga 3 kali, semoga kedepannya gamenya semakin lebih baik...",
Dhanrey Maidito,23/08/2020,1,Ini game di buat untk para sultan .ato org beduit . Krena semakin lama semakin gk jelas . Emng game ini bagus .sgat bgus mnrut aku . Tapi tlg beri skin permanen buat para player gratis dgan misi yng gampang . Agar tetap bisa menikmati game ini .Tetapi Skarng sya kecewa sm game ini . Krna unk plyer grtisan gk bisa berbuat apa .hnya org sultan yng bisa menikmati game ini . Sekarang sya bermain curang ( CHEAT CAN'T GET KILL ) agar sya puas sm game ini .agar para player sultan mlas sm game ini .,
Pengguna Google,20/08/2020,1,"Kenapa ya Tencent gajelas banget jaringan bagus , hp juga support (Samsung galaxy a71) , jaringan juga make WiFi kecepatan 20ms dan kadang make data selular 4G , tapi kenapa sering banget reconnect padahal gak ada angin gak ada hujan tibaÂ² aja gitu , bukan sekali dua kali aja , sehari gua main bisa 2-5 kali selama 8 jam main !!! Gak bakal ah gua kasih bintang 5 karena emang pubg mobile sekarang kecewain playerÂ² padahal main dari S2 gak pernah begini tapi semenjak update besarÂ²an malah parah",
Pengguna Google,06/08/2020,1,Bagus sangat gamenya. Tp gw kasih bintang 1 karna di game bawa bawa agama dan tuhan. Contohnya firaun dia itu bukan tuhan dari agama apa pun. Dia itu pernah mati konyol ditenggelamkannya dengan nabi musa as. Itu aj yg dapat saya usulkan semoga anda bisa membaca ini sekian trima kasih,2
Wan Madi,02/08/2020,1,"Saya udh bermain ini game dari season 5 ,kali ini saya kecewa berapa hari ini saya login menggunakan akun facebook malah saya di suruh memperbarui versi, tapi yg mau di perbarui versi malah gak ada, Tolong di jelaskan tencent versi mna lg yg mau saya perbarui. Itu aja terima kasih",4
Ancha Kibo,05/08/2020,1,"jaringan di atasi boss, makin update makin lemot error mulu, tolong di lancarkan di hp ram 2gb bos kalau bisa, soaknya kalau lancar di ram 2gb bakal lebih lancar lagi di ram 4 gb ke atas. untuk saat ini jaringannya saja yang bermasalah. server tidak merespon.",3
Zacky Athariq,23/08/2020,4,"Saya bermain pubg pakai hp redmi note 4 ramb3/32,dari season 6 sampe sekarang saya main masih""aman aja,palingan cuma frame sedikit saja,selebihnya saya puas dengan game ini,cuma saya sarankan kepada tencent untuk update gamenya jangan terlalu besar,kasihani kami yang memiliki hp ram 3/32 4/64,untuk kedepannya pubg lebih baik lagi agar lebih nyaman dimainkan terima kasih",
Chriss Bayu,25/08/2020,5,"Saya suka game ini,grafik ok Fps 60 bagus semuanya, dan saya sudah main dari season 2 hingga skrg Season 14. Mengapa Tencent tak pernah bisa membasmi total Cheater? Sangat mengganggu kami para Player! Tolong keamanannya lebih di perhatikan dan di maximalkan lagi. Muak lamaÂ² saya main Pubg sbnrnya karena banyak Cheater! Itu saja keluhan dri sy, cheers!",
END ID-0,24/08/2020,1,"Jangan cuma update game terus yang menyebabkan ukuran file gamenya jadi besar, tapi juga harus memperbaiki performa gamenya/memperlancar gamenya. Terkadang saya sering mengalami server error, padahal hp saya oppo a5 2020 ram 4/128 tapi masih ada kendala didalam gamenya.",29
Dannis Atariq,27/08/2020,1,"Kenapa saat saya main Arena/classic pasti teman saya semuanya noob????!!!! Yg kerja cuma saya doang, yang lainnya cuma cuma kill 1.Mohon untuk player pro dan noob disendirikan agar adil dan tidak tercipta emosi. For developer PUBG Mobile.",
Berkah Hidayat,27/08/2020,5,"Saya mohon pada pengembang memperbaiki lagi proses loginnya. Soalnya suka lama dan pada akhirnya ada tulisan server terputus dan disuruh ulang lagi.Kalau soal gamenya udah bagus. Dan jangan sering-sering update, karna hanya akan mengurangi jumlah pemain game ini!!",
Muhammad Arif Darmawan,27/08/2020,2,Mohon maaf sebelumnya. Tolong pihak developer untuk memikirkan update game yang tidak terlalu berat. Dan saya harap pihak developer juga mendengarkan keluhan dari player yang menggunakan smartphone kelas menengah. Saudara saya ingin memulai Youtube dengan membawakan konten PUBG Mobile tapi harus sirna karena ukuran game yang begitu besar. Tolong jangan abaikan player yang menggunakan smartphone kelas bawah.,
Muhammad Alif Raffarindra Bahtiar,13/08/2020,3,Teruntuk developer (Tencent Games) tolong ketika update jangan terlalu sering dan jangan terlalu besar kasian untuk yang device nya tidak memadai. Dulu saya main dengan teman saya game ini sangat sangatlah seru. Akan tetapi update demi update ukuran semakin besar dan device kami pun tidak memadai untuk memainkan game ini. Kami mohon developer untuk memperkecil ukuran game ini agar saya bisa bermain lagiğŸ™ğŸ™ğŸ™,
Yusup Fadilah,12/08/2020,1,"Akun saya tiba tiba kena banned, bagaimana cara mengatasi nya? Pihak developer dibantu penjelasan nya Akun saya di vonis menggunakan cheat padahal saya tidak menggunakan cheat, sampe sekarang akun saya tidak dapat dibuka lagi, kecewa sekali sama developer, padahal saya sudah rajin top up eh malah di ban dengan alasan yg gk jelas",
kqly,23/08/2020,5,"Terima kasih PUBGM telah menemani saya selama beberapa tahun kebelakang. Sedikit kecewa, kenapa harus update besar-besaran? padahal pas season 4-6 adalah pengalaman terbaik dan saya rasa itu cukup tidak usah developer meng-update lagi. Salam dari pemain season 1. Season 15 pensiun massal. Bye",1
Farid Athfal,21/08/2020,2,"Pubg sudah tidak sebaik awal rilis dulu, saat masih bisa dimainkan di ponsel kentang, banyak hal yg membuat saya merasa ingin pensi memainkan game ini alasanya: 1, banyak bug dalam game yg saya temui dalam game seperti saat selesai parasut kadang karakter saya tenggelam beberapa saat, lalu kembali keatas menyebabkan kalah cepat loot dan mati 2, cheater semakin banyak saya tayangkan ulang kematian ada yang tembus tembok lah auto headshotlah 3, terlalu berat dengan update yg sebenarnya tdk penting",
WANSLIOM 23,10/08/2020,3,"Maaf ,kalau bisa jangan terlalu sering update yang ukuran uodatenya besar2.. Karena tidak semua pemain game ini punya gadget yang spek tinggi. .. Bukan tidak mungkin para pemain game ini akan pindah ke game lain kalau updatenya selalu besar ukuranya.. . Karena saya sendiri mnggunakan hp kentang..",
User Google,12/08/2020,4,"untuk gamenya sudah sangat bagus tapi yg harus diperbaiki adalah lag dan bug,sejak awal tahun 2019 saya bermain pubg dgn fps tinggi dan sangat ringan sampai update baru baru ini sangat mengecewakan hp saya menjadi mudah panas,lag,dan bug dimana mana.hanya itu saja yg ingin saya sampaikan semoga di update selanjutnya pubg bisa lebih ramah terhadap hp low end seperti hp saya.",2
Rasya Ardiansyah,08/08/2020,3,Game ini sebenarnya sudah bagus tetapi masih ada kekurangan yaitu: 1.Rahasia kuno membuat frame 2.Suara lobby sebelum ke pesawat berisik 3.map Miramar rumahnya yang jarang menemukan senjata (panik saat banyak musuh) Semoga ulasan ini bisa membantu yaaa Termasuk yang mengeluh karena masalah yang sama seperti sayağŸ˜ terima kasih.,
Muhamad Budi Fadilah,20/08/2020,5,Buat gw pribadi game ini bagus banged.. Ada tapi nya min.. Terkadang main di arcade itu pas masuk udh pada maen. Map livik digedein min. Senjata sniperkan jaraknya 1.5 mile. Trus senjata sniper nya tambahin donk kan banyak tuh. Gw baca di internet 5 senjata sniper mematikan selain AWM. Trus gratisan nya dapet yg bagus napa min sama jangan pakein waktu. Over all gw suka banged. Sukses selalu,
Randy Ramadhan,22/08/2020,1,"Hallo Tencent saya player PUBG yang sempat off beberapa hari,tetapi setelah saya on mengapa jaringan saya bagus tetapi selalu memuat,kalau di lobby pink jaringannya bagus,tetapi setelah masuk pertempuran pink saya selalu naik,dan ini sudah beberapa hari terjadi. Terimakasih",
DK GAMING,20/08/2020,1,"Awalnya saya suka dengan game ini,, Tapi semakin lama semakin membosankan karena setiap event di game ini selalu saja hadiahnya trial,, Dan akhirnya saya lebih memilih pindah ke game sebelah dan uninstal game ini... Saran saya, Kalo ngadain event harusnya kasih lah hadiah permanent agar player lainnya tidak bosan dengan game ini....",
bocil gaming,25/08/2020,1,"Halo! PUBG MOBILE ,saya salah satu pemain game PUBG mobile ,saya sangat resah dikarenakan ada bug di tempat rahasia kuno ,yang dimana bug nya adalah bisa membuat player masuk kedalam ruangan penjaga/fir aun,bug ini sangat tidak baik Terima kasihâˆš",
Stella Christabel,27/08/2020,1,"maaf, aku kasih bintang 1.kenapa saat aku main, pakai wifi sinyal di pubg tulisannya 20-60 ms tetapi saat di game malah jadi koneksi ke server hilang?? ini membuat saya kecewa pada pubg.kalau tidak dibenarkan sampai season 14 berakhir, saya memutuskan untuk menghapus pubg saja.kalau sudah stabil, saya beri bintang 5, permasalahan di game saya hanya itu. sekian",
Muhammad Ridwan,26/08/2020,2,"Saran saya sih, mode game yg jarang dimainkan lebih baik dihapus saja, jadi dapat mengurangi kapasitas file gamenya, agar semua device dapat menikmati game ini, dan pengurangan pada file game, semoga kalian bisa mengerti derita player hp kentang atau tidak memenuhi syarat device kalian",
Akbar Ramadhan,14/08/2020,1,"Halo developer pubg mobile , saya mau mengadu saya mengalami kendala di pubg mobile, satu hari ini pubg mobile saya terasa aneh sekali , saya sering terjadi bug padahal koneksi internet saya stabil dan tidak bisa login ke dalam game ,dan selalu ada notifikasi server tidak merespon silahkan coba beberapa saat lagi dan saya sekarang harus update lagi padahal saya sudah update pubg mobile saya sudah lama , saya mohon di perbaiki secepatnya TENCEN GAMES",
FUAD ERYANTA HVR,12/08/2020,3,"Untuk Device Redmi Note 9 4/64 MD G85 belum bisa Smooth Ultra, masih terdapat delay pada saat bermain menggunakan signal seluler sekalipun pakai wifi juga, dan masih ada bug yang sampai saat ini belum dibenerin, bug mic. Ketika bermain 1 laga mic hidup. Ketika sudah kembali lagi ke lobby dan memulai game kedua, baru lah mic off, hanya ada notif suara tanpa keluar suara",
MIKNEYA TAMBALEAN,16/08/2020,2,Ada beberapa hal yg ingin saya sampaikan yaitu yg pertama kok setiap kali saya main di mode klasik pas turun dari pesawat kok karakter ku langsung tembus di bawah tanah?? Trus yg kedua setiap kali saya main di mode TDM pas saya di bunuh lalu hidup lagi karakter ku kok larinya lambat?? Trus yg ketiga tolong perbaiki bug voice chet nya seringkali saya mau ngobrol sama teman ku malah suaranya ngak keluar Jadi tolong kepada pihak Tencent untuk memperbaiki seluruh keluhan yg saya hadapi...,
tanpa judul,18/08/2020,1,"ini game apaan sih hp saya samsung ram 4 gb jaringan diluar rata rata(karena pakai wifi) tapi kok selalu ada perkataan muncul ""waktu permintaan habis"" ""tidak ada respon server"" MATAMU TIDAK ADA RESPON!! ingat woi game ini laris karena kita pemain pubg kalau kalian masih saja bodo amat dengan ulasan kami saya yakin game ini nanti nya akan dikalahkan dengan hopeles land",
broden kampoengan,25/08/2020,2,"kenapa akun saya kena banned 1 hari ? saya tidak memakai program ilegal, setiap match selalu diputus dengan alasan saya menggunakan program ilegal. saya menyukai game ini karna seru bukan terlalu sulit sehingga saya memakai program ilegal. beri alasan dengan logis. saya cuman mengganti server saja bukan cheat. saya juga top up dengan alasan agar dapat punya skin keren, saya keluar uang buat main game ini.",
Gaming YT,25/08/2020,1,"Dear pubg tolong dong perhatian nya,disini memang sinyal nya agak susah tetapi waktu dirilog kan masuk pertempuran lagi nah pas itu tibaÂ² ada tulisan""macht berakhir silahkan kembali ke lobi""mana adanya cuma ""ok"" lgi trus di situ aku rilog lagi kadang bisa masuk pertempuran kadang malah""anda terlalu lama diskonec ""jangan buruÂ² macht berakhir dong padahal kan belum selesai klo di pencet ""ok""ya kembali ke lobi rugi lah kek gitu mohon bantuannya ya?!!",
Een Noeraeynie,26/08/2020,3,1.)jangan ngasih hadiah klo gak ikhlas..ngasih waktu event cuma 1 minggu buat ngumpulin reward dan itu sangat sangat gak cukup.. 2.)gak usah kepancing sama game tetangga yang lebih mentingin fashion show bikin game makin berat karna selalu ada update 3.)pikirin spek hp yang rendah jangan bikin para player pindah haluan gara gara ukuran aplikasi yang semakin besar dan berat 4.)jangan cuma mikirin untung doang,
Agus Yogi,17/08/2020,2,Game pubg sangat bagus grafik juga oke. Tapi saya nyesel karena gak bisa main lagi karena saya terkena benned karena menggunakan GFX tool. Saya mohon kepada pihak Tencent agar tidak benned akun pubg secara langsung setelah menggunakan GFX tool . Padahal saya ingin meningkatkan beforma game pubg saya di divise kentang Divise : Xiomi redmi 5A . Ram : 2/16 . tolong lah diberi keringanan agar game pubg rame yg main agar tidak di hp hp bagus saja . Sekian dari saya Terima kasih,1
TRII GAMING,04/08/2020,2,Tolong dan tolong dengan sangat ! semakin lama semakin bnyak chetaer dan bug ( sinyal ping 40 ms kadang sering memuat di saat war ada musuh dan sangat sayang sekali kenapa cheter semakin banyak ? dan saya sering sekali report cheater tapi gak pernah di acc report gue !!! tolong di benahi lagi sistem auto baned nya untuk bner bner cheter itu jera ! dan di saring lagi jika ada report cheter masa saya tiap main sehari nemu 5 cheter lebih tapi gue report gak ada yg di ACC !!!!,
SAMSURI GAMING,19/08/2020,1,Parah parah ini game buwat orang kaya dowang asli. Upnya makin gak masuk akal. Maaf yg pembuwat memang orang luwar Tapi masuk play stor. Harusnya tau game gak di buwat main di negara sendiri.jika memang game ini sudah pantas masuk dunia saya kasih 5 Bintan. Jika masih gini saya setay bintang 1. Maaf kalok ada perkataan kasar. Mohon di perhatikan kalangan bawah.usulan anda 2gb. ( MEMORI SAYA 2.86 GB. JARINGAN HP 4G. PAKEK (WIFI JUGA). HP OPPO) DOLOD 1.90 GB LAMA.( UNTUK PENGURUS GAME INDO),
BlÎ±ck ShÎ±dow,24/08/2020,3,"Habis selesai main Practice/Tutorial nya itu, di Invite sama Temen Setim Yang Barusan Main di Practice/Tutorial. Dan Ku Accept lah Invite nya dia. Habis itu masuk ke Room, dan lagi ngecek EventÂ² buat di Klaim atau semacamnya. Dan secara gak sengaja ngeliat, kalo ada Misi atau apalah itu.. Trs ya kepencet Buat Nyelesain Misinya. Dan Dipaksa Buat Pencet Tombol Yang Ada Tulisan ""Tap Start To Play A Match"". Yang Padahal Itu Pencet ""Ready"", Karena Yang Buat Room Gak ""Start"" Game nya.. Makanya Stuck..",
Amen Bong,16/08/2020,2,Hai..tencent...kenapa server asia ko 'ms' nya tinggi bener. sudah berapa hari ini 'ms' nya tinggi..koneksi Wifi buat buat youtube dan yg lain2 lancar jaya..tp pas main game pubg 'ms' tinggi sampai 300ms nya...tolong di perbaiki...terimakasih,
Vicky Kamvret,26/08/2020,2,"Kok game pubg ku akhir2 ini setiap hari harus download file game sebesar 200 mb lebih yah.......jadi susah kalau mau main harus hapus trus kirim lagi, padahal saat malam bagus2 aja dimainkan tapi pas udah pagi harus download 200 mb lebih Tolong dong pihak developernya cek2 lagi siapa tau bisa kasih solusinya gituu!!! Jadi malas main kalau setiap mau main harus download file yang ukurannya lumayan besar",2
Rendra Saputra,05/08/2020,1,"Heran saya lah PUBG ini,woii saya tanpa sengaja untuk nak bunuh teman,saat itu saya memang yg bawa mobil, kami mau ke aidrop,dan musuh juga tiba 3 sekuat kami diserang hingga mobil keluar api,dan saya bawa mobil akan berlindung ke rumah2,tnpa sengaja mobilnya kencang dan naik tanjakan lalu nabrak pagar langsung mobil nya meletup dan kami berempat mati,nah setelah itu saya mau main ulang lagi,tapi ada pemberitahuan kalau saya tidak bisa main di mode clasic karna sy kurang 60 merid hingga sekarang",1
Chunk,13/08/2020,1,"Memuat.. memuat.. memuat.. permintaan waktu habis.. tidak ada respon, anjing login aja susah kenapa makin rusak ni game, padahal koneksi internet saya bagus buka game lain langsung masuk kenapa malah game ini doang yang tidak bisa masuk, saya sangat kecewa akhir akhir ini sama PUBG",
V. Catherine Jessica,12/08/2020,3,"Sinyalnya jelek 200ms++ tapi entah kenapa bisa stabil dan nggak delay, game lain aja sinyalnya bagus... padahal game PC aja pingnya bisa <60ms Iya iya tau, kalau masalah aplikasi background aku juga paham kok, khusus pubg aja yang aneh mungkin salah server (padahal server asia) tapi asia bagian mana? Kok bisa ketemu orang india?",
Akhmad Awal Amirudin,26/08/2020,3,"Akhir ini sering FC(force close), semoga kedepannya bisa diupdate untuk lebih lancar lagi. Mungkin ada versi Lite-nya, tapi nggak keurus karena map klasik nya cuma 2... Semoga ada update lagi buat versi Lite nya.!!!....",
Maya Yanno,11/08/2020,1,"Update bukan masalah ukuran file bukan masala. Saya baru saja dapat gelar kebangkitan Firaun PUBG sudah mulai mengarah ke hal"" yg musyrik padhal di Indonesia mayoritas Islam Lo. Takutnya di cap game haram dan dihapus dari Esport indonesia. Game ya game aja ngk usah ke hal"" seperti itu.",
Edi Saputro,08/08/2020,1,"Game kesini kesini bukan nambah bagus malah nambah buruk. Gak mau dengerin pemain, eh pubg lu besar karna banyak yg main, klo pemain pada respon negatif itu didenger bukan di buat hanya untuk mengeruh untung besar saja. Ingat misalkan dari 1juta pengguna 50%unistal ni pubg, apakah lu bakal besar. Sistem lu bukan nambah baik tapi nambah buruk, masalah cheater gak bisa di perbaiki. Sudah aneh aneh maps di buat tapi banyak bugnya. Pengguna di abaikan siap siap kebangkrutan dengan hadirnya game lain",1
Timothy Dkch,24/08/2020,5,"Tolong buat tempat kopi yang ada di cherr park hidup, tambahkan ""Npc"" dan action yang lain seperti duduk di kursi (in door), minum kopi, soalnya bangunan2 yang ada di cherr park tidak hidup (kosong) gak ada yang bisa di mainkan ğŸ˜”",
VAT ARD,22/08/2020,1,"Saya sudah main ini game dari seson 5 dan semua bagus, tapi setelah seson 10 udah banyak masalah pada game nya. Mulai dari servernya yang tidak jelas sampai matching nya yanh bisa makan waktu sampai 10 menit walau udah pakai wifi pun tetap sama. Mohon untuk developer untuk mengurangi fitur karena game ini sudah sangat berat dan perbaiku servernya juga",
Aditya Wira Putra,16/08/2020,1,"Ini game apa sih ko semua nya Serba bayar pake pulsa ya, gw bisa bandingin sama game sebelah, kalo game sebelah itu ga payah"" kita ngumpulin koin atau uang untuk beli item di situ cuma dapet hadiah aja, kalo di game ini semua serba besar serba mahal bisa gratis gak masa gw ngumpul uang Ampe 100k tapi gadak guna nya itu uang untuk buat apa ya??ğŸ˜‘",
Defi Puspitasari,16/08/2020,1,"1. Daftar teman kadang hilang, menjadi kosong. Harus keluar game, terus masuk lagi baru muncul kembali. 2. Sering banget banget banget terjadi, masalah bug voice. Teman tidak bisa mendengar suara kita. Padahal microfon sama-sama on. Mohon diperbaiki bug-nya.",5
Wawan Kurniawan,17/08/2020,1,"Pubg makin lama makin gak ngerti banget, makin banyak ngelag padahal sinyal bagus 4G. Hp mendukung dengan ram 4GB, tapi anehnya setiap mau main pasti ngelag, terkadang gak jadi main karena ngelag terus. Mohon untuk berbenah dong Tencent. Jangan gini terus lah bngke.",
putra ragil,20/08/2020,1,"Saya beri bintang 1 karna masih banyak bug yang blm di perbaiki oleh pihak tencent, contohnya gue mau masuk ke dalam game padahal jaringan gue bagus malah 4G tingkat dewa knapa nggak bisa masuk, malah di bilang di situ lihat koneksi jaringan anda, mohon di perbaikin lagi pihak tencent,sekian dan terima kasih",
Deddy Irawan,23/08/2020,5,"Saya mohon pihak dari geme PUBG di perhatikan dalam geme PUBG, banyak tembakan sangat dahsiat/cheter!!!!!, jdi saya liat. pertama tau posisi musuh tampa musuh mendebak dan tampa melihat musuh, yang kedua saya berharap tolong di bened/bokir akun nya, melakukan permainan tidak murni dan sepertinya ada tambahan,",
Mantung ID,04/08/2020,3,"Halo admin , saya menjadi player PUBG kurang puas dengan servernya kadang lancar kadang lemot alias patah patah , saya mohon untuk perbaiki servernya kedepannya agar para player PUBG nyaman pada saat bermain . nanti kalau servernya gak ngelag , saya akan berikan bintang 5.. Terimakasih :)",
Akunku Hilang,11/08/2020,4,"Tolong yahh developer aku pingin ngasih tau bug di map livik yaitu:saat masuk lobby tiba tiba masuk ke tanah,dan saat turun dari pesawat tiba tiba ga bisa turun lalu turun nya di luar map jadi ga bisa masuk ke map karena ada tembok. Tapi saya tidak tahu kalo di hp lain karena saya pakai hp redmi 5A",2
Eko Fitrianto,22/08/2020,3,"Game ini sebenarnya bagus, tp tolong dengarkan untuk kami kaum fakir yg HPnya pas""an.. setidaknya berilah celah kepada kami, bisa kiranya tim pengembang memberikan fitur untuk HP kentang, mungkin ada aplikasi gfx khusus dr pubg yg sifatnya resmi atau kalo gk g2 ada menu tambahan untuk HP yg speknya rendah di dalam gamenya agar kami tidak frime saat bertemu dg lawan"" kami di dalam game.. trimakasih..",
Randy Andy,05/08/2020,2,Tolong perbaiki di bagian pas ketemu player lain soal nya itu lag banget dan itu sangat tidak bagus untuk spek 3 ram ke bawah..dan di season ini tu semakin berat nggak seperti dulu..jadi tolong di perbaiki lagi atau di pertimbangkan de..buat apa grafik bagus kalau mainnya tidak lancar buat apa gitu,
10 Fahresi Muliasa Insani,21/08/2020,2,"Tolong dong developer , kenapa akhir akhir ini sinyal saya stuck di 120 ms (asia server)padahal sinyal saya bagus , malahan kalo server ( timur tengah itu ijo)30ms , tolong dong diperbaiki agar bisa lancar dan nyaman bermainnya . Terimakasih",
Cak Fajar Gaming,07/08/2020,5,Bagus sih puas sih mainnya. Tapi saat buka peti susah sekali mendapatkan kostum yg menarik. Itulah kekurangan yg saya alami di game ini. Untuk kedepannya saya berharap GM di PUBG mobile bisa memperbaiki kekurangan yg saya alami. Terima kasih,3
SUKA GAMING,27/08/2020,2,"Kepada developer terhormat tolong perbaiki masalah yg ada di TDM saya setiap mau latihan kenapa tidak ada siapa""/cuma saya sendiri dan saya tiba""bisa mati ditembak org tapi orgnya tidak ada jaringan saya stabil dan dan masih banyak lagi tolong perbaiki masalah tersebut terima kasih",
Trojan,04/08/2020,4,"Tolong untuk tencent, plis gunakan sistem yg ramah untuk pemain yg menggunakan gfx, , bukan ingin berbuat curang, hanya saja kami juga ingin merasakan permainan yg lebih baik, Terima kasih tencent sudah sekiranya mau membaca keluh kesah kami.. 04, Agustus 2020 Player HP kentang",3
Rizky Dwi Erlangga,24/08/2020,1,Tolong untuk pihak Tencent kenapa saya tidak bisa masuk ke dalam gamenya kaya gemenya kras sendiri keluar sendiri kenapa sih??!!! Ya ampun udah download mahal lama pula tolong di perbaiki bukan di baca doang hah!!!!!,
Faisol,12/08/2020,5,"Device Oddo A3s (kentang rebus renyah :v) Kalo ditanya pengalaman main di hp ini ya..gak bakal nyaman. Sering banget frame rate drop saat landing kecuali bangunannya- dikit baru lanjay, ngefreeze 1detik pas f2f (biasanya pas jaringan- jelek) Terpaksa harus main safe dulu, baru barbar. SOC gak bisa bohong, entah apapun merek hpmu yang penting- Prosessor, GPU, ram harus mendukung :) kalo mau lancar + koneksi bagus.",2
OM PE,27/08/2020,1,Pengalaman saya cukup buruk! Di mana akun saya yang memang bersih dan aman sebelum nya di hack dengan tidak wajar dan di gunakan untuk akun cheating! Sangat di sayangkan tindakan dari pubgm sendiri sama sekali tidak membantu player yang berlaku baik dan jujur di dalam game!,1
Shun Li Official,26/08/2020,1,"Saya suka dengan game ini, tapi makin kesini jadi sering update dan lama sekali updatenya udah gitu banyak nyedot kouta, kepada pengembang aplikasi tolong dong diperbaiki masalah seperti ini jangan sampai banyak yang uninstal game ini gara-gara itu. Terima kasih",
ABU DAR,17/08/2020,1,"HP sudah 6 ram ping nya 40ms tapi kenapa lag nya parah banget,kenapa ini game?tolong kasih tau cara mengatasinya atau Tencent lebih memperbaiki lagi game ini,jangan bilang HP kentang atau sinyal ditempat saya kurang bagus ya.ini game nya kentang banget bikin kecewa konsumen.",4
Wahyu Gunawan,05/08/2020,1,"Update apaan asu? Server jaringannya down mulu. Sekelas game berat masih aja down jaringan, udah pake wifi, jaringan 4G. Gak guna..... S14 ini Pubg ampas bener. Update mulu lo setan, makin hari makin turun tu rating game, mampus asu...",1
Diki Briker,11/08/2020,5,"Saya sebagai player pubg dari season 3, bermain game pubg mobilebini sangatlah senang dan menghibur,tapi semakin ke sini updatetan gamenya gak jelas dan ukurannya semakin besar,saya sangatlah paham bahwa game ini semakin maju semakin besar ukurannya,,,tapi saya sangatlah memohon untuk pertimbangkan ukuran gamenya untuk hp kentang karena tidak semua orang spek hpnya bagus,tolong pertimbakan tencent games,terima kasih..",3
Yayang Dunn,13/08/2020,2,mohon di perhatikan pada season 14 ini banyak sekali hacker. yang paling sering adalah negara oman. sering kali di report tapi tidak pernah ada balasan dia terBanned. season2 lalu tidak pernah saya bertemu pemain oman. kenapa sekarang banyak sekali? kalau memang cheater sulit di hentikan. buatkan saja room/server husus cheater seperti di Point Blank.,
ÙÙˆØ° Ø§Ù„Ù…ÙŠØ¯ÙˆÙ†,27/08/2020,1,"Makin kesini makin aneh ini game, kayak gak ada tema aja selain firaun... Buat tencent perbaiki lah ini game, masa iya klo maen di arena tembakan musuh lebih parah dari kita... Gua nembak headshot 25 peluru baru mati, giliran musuh nembak di badan, cuma 5 peluru udah mati... Ini game gak adil, kok gak bener banget ini game... Gak adil.. Klo aja bisa koment tanpa bintang gua gak kasih bintang sama ini game.... Game payah, mahal lagi, susah hoki klo buka peti,pelitt.... Gak adil",
Jack Sasenga,21/08/2020,5,"Makin mantep aja ni pubg. Buat teman teman jgn terlalu banyak mengeluh pinginnya sehabis update semua lancar, disaya aja hp kentang dan beberapa teman yg hpnya sama kentangnya bisa main lancar, hp yg kami punya ram 3GB internar 32GB lancar lancar aja. Makannya solusi terbaik saat lo mau update. Aplikasi pubg yg ad di hapus dulu datanya terus download kembali di jamin nyos. Tanpa kendala. Masalah bug setiap permainan yg namanya update akan menglami bug selama 1 minggu atau 2 minggu setelah update",1
Aryo Bimo,12/08/2020,5,"Tolong Dijawab dengan bijak , saya memang memberi benting lima , dan saya main pubg sudah dari season 5 dan baru ini yang terjadi , tetapi saya tidak tahu apakah saya kurang faham dengan cara settingnya. Jadi begini saya sudah setting control-nya nah hari ini control-nya ke reset dan saya coba untuk setting control-nya lagi , sudah saya save dan tetap tidak bisa.",1
Ade Indra Setiawan,12/08/2020,1,"Masih banyak bug,karena game orangnya di tembak kok ga kena damage,plis la Tencent Kok tambah banyak bug nya,dia tembak aku kok kena sakit dan tulisannya head shoot,tapi kalau aku yang nembak musuh ga kena padahal udah kena di kepala,dan kalau main tuh jaringannya drop padahal jaringan bagus 4G kok malah patah patah",
PuspoAji Budoyo,25/08/2020,1,"Hai tancent, saya pengguna game ini mulai sesion 1, dan sampe hari ini semakin tidak bertambah baik. Mohon kami pengguna diberlakukan adil meski tanpa membeli UC. Kalo bisa tuh update yg baru kasih tindih yg lama, jd namanya updatu bukan menambahkan saja tapi memperbaiki. Pake logika donk kalo diupdate pasti makan memori klo bisa update sekalian hapus data lama yg gak guna. Developer rendah logika",
LA Gaming,21/08/2020,1,"Gamenya sudah bagus dari grafik dan lainnya.cuman satu,koneksi jaringan kenapa masih sering lag saat login,jaringan saya sudah bagus tapi masih muncul loading saat login dan ada tulisan permintaan habis waktu,hampir setiap login pasti begitu,setelah mulai game baru lancar semula.tolong d perbaiki.kecewa",
Fauzan Luthfi,17/08/2020,5,"Menurut saya sih udah bagus untuk keseluruhannya, selalu ada item baru jadi tidak monoton, tapi saya mohon pada tencent agar tambahin dong mode yang kita itu bisa kill orang dan bisa mati tapi tidak menghasilkan ataupun mengurangi apa-apa agar para player baru bisa menjadi handal dan membuat PUBGM lebih seru lagi, mohon tanggapi tencentğŸ™",
Nemo Nemo,04/08/2020,3,"Hp aq masih hp kenthang, tolong dong please! Beri tempat main yg seimbang. Jangan di acak dengan yg hp kuat , kalo main cuman jadi korban musuh saja. Babar kalah : main aman tidak dapat poin. Terserah saja lah klo main masih merasa happy, teruskan tetapi kalo mulai tidak nyaman ya off saja. Itu saja ......( bintang 3 dulu , kalo OK , naikin ke 5)",4
Dian Pratama,27/08/2020,2,"update terbaru, ketika sedang bermain tiba2 error dan aplikasi tidak menanggapi dan keluar dari permainan aplikasi nya, bukan cuma sekali tapi sering terjadi, tolong di sempurnakan lagi, update sebelum nya tidak seperti ini, terima kasih",
Ariv SR,11/08/2020,5,"Ini game buat handphone spek menengah keatas kalo yang punya hp menengah kebawah dan ngeluh hp nya gak kuat, kalian harus usaha beli handphone yang lebih tinggi spek nya jangan nyalahin game nya kebesaran, salahin diri kalian kenapa gak cari uang buat beli hp bagus.",1
Bang Pajam,18/08/2020,3,"Dulu semua orang yg suka game ini,,masi bnyak yg mainkan,,,makin kedepannya,,ram 3gb pun GK sanggup lagi,,alias patah patah,,apakah game ini hanya untuk orang yg berduit saja,,, Tapi saya suka game ini,,, makasih",
itsme bambang,13/08/2020,5,"Halo Tencent , Kenapa PUBG saya tidak bisa login Padahal jaringan nya bagus , RAM saya masih banyak , ROM saya juga masih mendukung , tapi kenapa kok saya tidak bisa login ? Pass mau login tiba2 ada notifikasi , â€œPUBG Mobile telah berhentiâ€ , sudah banyak cara saya lakukan tapi sama sekali saya tidak bisa login , please bantu saya Tencent ğŸ™‚",5
Mufthi Fahri,12/08/2020,2,"Kenapa disaat saya bermain padahal jaringan Saya bagus dan lebih bagus lagi saya udh pakai Wi-Fi tpi kenapa pas sy masuk ke game Ada bacaan server tidak respon, begitu tencent tolong di perbaiki lagi bug ini, maaf saya cuma ngasih bintang 2,karna masih ada bug itu",1
UNTUNG TRISULA,25/08/2020,4,"Aku suka pubg tapi knp saya sering tiba tiba keluar dari pertempuran? Mohon Tencent games perbaiki,hal ini juga membuat player player bingung knp keluar ,tapi game ini seru walaupun banyak bug bug yg ada di gamenya. itu aja sih. Dari saya",
Suzy Clark,12/08/2020,5,"Saya main pubg dr season 6, baru season ini pubg bikin saya kaget ,entah yg lain nyadar atau tidak . Even Firaun ngemunculin gelar ""saya akan menjadi pengikut setia mu"" sedangkan dlm Islam Firaun itu adalah org yg mengaku ngaku tuhan di zaman nabi Musa . So apa maksud dibalik semua ini ???",6
OGA GAME,14/08/2020,5,"Mohon maaf ini untuk developer, gamenya udah bagus tetapi,kenapa ya setelah update terbaru ini saya sering memuat ulang,padahal sinyal nya bagus,dan lagi 1 tolong buatkan apk gfx langsung dari developer gamenya supaya gameplay semakin bagus heheheğŸ˜…ğŸ¤—",1
Jonatan kristian Kristian,19/08/2020,1,"Tolong dong jaringannya di benerin lagi, massa gua gak bisa main, keluarÂ² mulu(maaf server tidak merespon, coba nanti lagi"".sinyal gua bagus gua pake wifi, main sosmed bisa main game lain bisa, masssa main PUBG gk bisa? Tolong benerin.",
Jul Sekadau,21/08/2020,1,"Sumpah kecewa sama game ini, game nya bagus tapi banyak bikin kerugian buat saya. 1) kadang lagi pas main suka keluar sendiri 2)sinyal saya bagus tapi, gak mau ngeluting senjata 3)saya pernah di kill pake pistol jarak jauh (cheater)",
Agung Satya,20/08/2020,1,"Update pada season 14 kali ini sangat banyak mengambil pada tampilan grafis menurut saya,sehingga kami yg bermain di Emulator Pas-pasan sangat menderita sebelum memulai game perlu ada settingan yg dilakukan bahkan setelah baru memulai game play,game sudah crash alias Lag + frame parah gambar yg nyangkut lalu monitor PC langsung Hitam.Saya berharap Update selanjutnya bisa seperti pada season 11 dan 13 menurut saya itu jauh lebih baik ketimbang season sekarang.",
Gerald Tahapary,16/08/2020,5,"Game ini bagus kok saya suka banget, tapi buat bug nya tolong di perbaiki ya... ğŸ™ğŸ™ğŸ™. Dan yang suka ngomel ngomel tencent games gamenya kok banyak ini itu ini itu,kalian harusnya menghargai kerja keras dari tencent games bukan kalian ngomel. Emangnya kalian bisa buat game sampe sekeren ini, coba menghargai... ğŸ™ Kalo ada masalah jangan ngomel ngomel bilang aja tapi jangan pake menghina inilah itu lah tapi bilang nya baik baik, sukses selalu buat tencent games. Tapi bug nya di perbaiki ya... ğŸ™",
oyit oyit,24/08/2020,4,"Tolong dong, hukuman untuk yang membunuh rekan sendiri player di buat frezz setelah di laporkan, nggak bisa gerak dan tidak dapat melanjutkan permainan, agar rasa kecewa player setimnya yang di troll dapat sembuh... Menjengkelkan min kalo di bunuh temen sendiri dengan sengaja",1
PIPOadi Channel,25/08/2020,5,"buat kalian bocil2 Hp kentang, gk perlu lah download2 pubg,,, cuma ngasih comment2 jelek aja,,, udh tau berat ngapain di paksain download... yg mau download pubg harap perhatikan speck Hp nya,, klo hp nya speck nya bagus,, pasti enak main pubg nya... sekian dan terimakasih",
19. Billy Ramada,21/08/2020,5,"Buat kalian yang komen nggk ngotak, nyembah patung lah, game haram lah, berhala lah taik, klo ngomong soal larangan agama emang betul gk boleh, lah lu tau gak kill itu artinya bunuh kan, emang diajaran agama boleh ngebunuh? ngotak kalian lah kalo komen, sekarang lu pikir, lu ngebunuh2 orang meskipun lo rajin ibadah lo dosa, sekarang lo nyembah2 patung tapi kaga pernah ngebunuh orang kan ama aja dosa, Lagian ini cuma game, cuma for fun doang jangan dianggap serius, komen mikir dulu Smart people",
Holiday Chanell,15/08/2020,2,"Tolong segera di perbaiki saat waktu mluncur ada ngebugnya dan masi agak pata-pata, pokok intinya banyak ngebugnya masian..!!!, Bugnya kalo lagi mendarat sering masuk masuk ke tanah dan , kadang suka kaya patung geraknya kakuğŸ¤”, tolong di kembangkan lagi",
Presiden Thor,13/08/2020,5,"Halo pubg,saya main dari seson 5 makin ke sini makin banyak sekali bug nya game nya bagus kayak dunia nyata yang sangat bikin mengecewakan adalah banyak bug bug nya tolong lah kami sebagai player pubg sangat kecewa karena bug, tolong hilangkan bug bug yang ada di pubg ini dan salam.",
Sultan Nasution,27/08/2020,2,"Kalo mau di sortir bos dr beberapa jenis device, jangan dicampurin semua jadi satu. Yang mau maen game ini bukan cuma orang kaya doang. Kasih lah kenyamanan buat para pengguna game, jadi hp kentang pun merasakan kepuasan pada game ini",
Rev,21/08/2020,4,"Bug dalam tdm, match sudah dimulai .. Tapi hanya saya yang ada di match itu tidak ada satupun player yang terlihat, apa ini masalah spesifikasi hp? Tidak. Hp saya sudah mumpuni untuk bermain pubg mobile. Bug mic? Team saya open mic agar dapat memberitahu informasi lebih mudah tapi tidak ada sedikitpun suara dari mereka. Dan bug landing,, bug yang paling saya benci . Kenapa? Karena setiap landing saya roll back bahkan setelah landing sata kembali kr parachute. Terima kasih.",3
yuli anto,06/08/2020,2,"Baru aja semalam update eh pas mau main lagi pagi_pagi malah di srh update lagi, smua data permainan ini udah di pindahin ke memory cape_cape biar memory tlp nya ada ruang eh malah penuh lagi gara_gara ada update tanpa pemberitahuan ini,,,, lama_lama game ini bisa gak ada yang main klo begini cara nya trus Tlong jangan update trus kasihan hp nya yang kentang dan pengen main game ini,,,, Di kira yang main game ini hp nya bagus"" smua kali *Mohon di perbaiki jangan seperti ini lagi*",
Muh Hafidz,25/08/2020,3,Dear Tencent. Maaf untuk sebelum nya kakak saya bermain pubg mobile tetapi saya juga ingin memainkan nya. Dan saya sudah download tetapi setelah update map erengel + rahasia kuno saya bermain sering patah patah dan frame drop beberapa kali nama saya hafidz mohon untuk Tencent segera memperbaiki ini karena hp saya masih ram 3 GB.,
Hagen Arnelsyah Fatmoko,06/08/2020,3,"Pihak tencent yang terhormat. Saya inging mengeluhkan tentang banyak cheater di game ini, tolong lebih tegas kepada player-player tersebut karena saya sangat terganggu dengan player yang kurang sportif. Atas perhatiannya terima kasih.",1
Kang channel,06/08/2020,1,"Kepada pihak tencent, tolong untuk bugnya di hilangkan, dan setelah update firaun ini, saya main jadi lag parah. Setiap baru mendarat dari parasut ngebug semuanya ga kelihatan. Jadinya ahir2 ini ga bisa main. Krena patah2, padahal device snapdragon 712.",
Restu Septiarmi Arifin,14/08/2020,2,"Kenapa Setiap Bermain Jaringan WiFi Dengan Data Seluler Selalu Kuning,, Kadang 990Ms Kadang Mentok 240ms Padahal Saya Setiap Hari Ganti Kartu Tapi Sama Saja,,,Mohon Di Perbaiki Lagi TENCENT ğŸ™,,,,Saya Harap Tencent Lihat Ulasan Saya,,,TERIMA KASIH,,,SALAM DARI PLAYER PUBG:),,,,Aku Kasih Bintang 2 Dulu Kalo Sudah Bagus Saya Kasih 5 Bintang:)",
Anto Yulex,21/08/2020,2,"Koneksi sering terputus tiba"". Banyak bag dan lag. Suka gk bisa digerakin saat dipertempuran sampai sekarang gk. Ada penaggulangan dari pihak devrloper kalo disuruh lapor udah sering lapor tp sampai sekarang gak ada penanggulangan kalo begini terus lama"" bisa pensi bukan karena gak suka sama geme nya tp karena gk ada penanggulangan dari pihak terkait soal permasalahanya yg bikin nggak nyaman",1
Mas Akiba,18/08/2020,4,"Bagus sih, tapi makin lama makin bikin berat bagi HP android 9.0 kebawah!! Minimal main game ini adalah Android 10 karena Android 10 adalah HP gaming, jika tidak begitu maka perusahaan HP nya tidak boleh pakai Android 10 oleh Google.",
POPO EX,11/08/2020,3,"Setiap turun dari parasut pasti ping/sinyal nya mendadak sangat jelek, jadi nya tooson terus. Sama lagi satu masih banyak cheater di server asia, tolong lahh. Gk bisa push tier sampe ace jadi nya, langsung banned permanen aja klo ada cheater! Bug nya perbaiki",
brotherhood 420,24/08/2020,3,"saya pemain baru di pubg, pertama saya Main banyak sekali yg saya tidak tau, tapi saya mulai bermain dngan benar, tetapi kenapa selalu saja saat saya bermain selalu keluar dari game, padahal jaringan saya lancar saya sngt kurng bersemangat untuk bermain",
jati Prasetyo,11/08/2020,5,"game seru sekali apa lagi ada tambahan rumah baru dan juga map baru tapi ada 1, kekurangan kalau bikin even mohon di permudah dan di perbanyak hadiah nya baju / tas / skin senjata /dll. terimakasih hanya sekedar saran ğŸ™ salam satu pocinki ğŸ‘",
frans alfrian,14/08/2020,3,"Maaf saya kasih bintang 3 dulu,untuk tencent games kalau bisa diperhatikan lagi untuk player pengguna android karena semakin hari semakin patah2 di in gamenya karena data game yang sudah sangat berat kalau seperti ini terus bisa-bisa banyak yang berhenti main karena hp nya udah gak mampu lagi.",
Franky Siswoyo,25/08/2020,1,Maaf tak turunin mentok karna sudah dua hari ini main selalu seperti ini ; kami telah memutuskan koneksi anda karena kesalahan data dengan klayen anda harap periksa koneksi jaringan anda dan cobalagi.terbuka pada : 24-08-2020 22:32:14 begitu terus di setiap akhir pertandingan mohon penjelasanya,
Rohman Kilikili,13/08/2020,1,"Lama-lama bikin kesel nih game, giliran misi royal pas yg agak susah udah adu tembak tiba2 putus koneksi, di ban 10 menit, klu blm top up mending gue unistal nih game anjing. Paket data masih puluhan gb, masa tiba2 putus koneksi, kesalahan jaringan.",
Naufal NUR,13/08/2020,1,"Yang Buat Game PUBG Tolong Ngeframe nya di hilangin!!!!!!!!!!! Masa Turun Ketanah Malah Nyebur Laut Sih! Kan Ga Jelas.Woi Bug nya Di hilangin Tencent!!!!! Masa Turun Berenang Terus Tiba Tiba Knock Trs di end,Kan Ga seru jadinya.Tolonglah Bug nya Woi",
Alfandika Rafiki,21/08/2020,5,"Menurutku pubgm bagus kok, cuma ada satu masalah, yaitu voice chat suka mati sendiri. Tolong dong perbaiki voice chatnya agar tidak mati sendiri supaya bisa berkomunikasi dengan teman mabar lebih enak. Udah segitu saja sih dari saya",
Brian Rafa,26/08/2020,2,"Untuk pihak Tencent tolong untuk update""NEW ERA"" jangan terlalu besar karena banyak orang yang sangat ingin bermain GAME ini mungkin nanti jika di-update hingga 2,0 GB mungkin pemain dari GAME PUBG berkurang karena Indonesia salah satu negara yang meramaikan game ini tolong untuk pihak Tencent di telaah lagi untuk mengupdate game ini",
Richard Kenneth,14/08/2020,3,"Gamenya udah bagus tapi bugnya tolong dihilangkan karena saat turun dari piramid turun ke tanah tiba tiba masuk kedalam tanah tembus pandang dan bisa berenang sendiri nggak tau arahnya kemana sampai 1.300 meter padahal temen saya lagi knock dan saya gak bisa nolong temen ku, selanjutnya ada banyak cheater yang nembaknya bisa tembus pandang. Tolong perbaiki semua permasalahannya dalam game ini dan yang lainnya pun sudah bagus terima kasih untuk Tencent yang terhormat",
Rahmat Sino,23/08/2020,1,"Saya main PUBG dari season 2 sampe skarang, tapi baru ngerasain musim 14 ini paling parah cheaternya,trus cheaternya benderanya itu2 semua,benderanya sama,,warna (remah,hijau,putih)dan setiap ketemu cheaternya pake nama2 arab semua,,tolong TENCENT setiap cheater yg di report tolong di banned...terima kasih..",
Teddy Adit Setyawan,26/08/2020,3,"Untuk pubg mobile ....game pubg ini menurut saya game berat,belum lagi mau update yang terbaru ...trus untuk buat ram 1 GB 2 GB dah gak muat ...masa 3 GB gk kuat lagi sih ....tolong penyesuaian nya...di perkecil ukurannya biar player pubg gak pindah game sebelah",
? Â¿,20/08/2020,3,"Tolong Tencent Setiap kali main pasti aja jaringan terputus. Padahal sinyal lancar, koneksi lancar 4G. Saya hampir aja chicken dinner malah jaringan terputus. TOLONG TENCENT DIPERBAIKI ITU BUG NYA. Saya sudah malas dengan bug ini, merugikan pemain lain jadinya. Sekali lagi TOLONG DIPERBAIKI BUG NYA Tencent.",
Miko Graveline kalbar,18/08/2020,3,"Mohon untuk tancent cheternya tolong dhapus dibanned permanen, dan auto macth nya tolong diseimbangkan, apalagi baru-baru ini saya sering dibom teman sendiri, mohon toxicnya dibanned dalam durasi lama, dan untuk game ini saya sangat suka jadi saya sebagai player miskin tolong gamenya jangan dibikin patah-patah pas lagi mau bar-bar eh legnya parah dan buat saya bosan, semoga sukses",
Abdian B Saputra,03/08/2020,2,"Semenjak update S14 ketika bermain sering sekali terkendala ""Ping saya pasti stack di 400 - 800 ms"", padahal saya gunakan game lain normal. Dan jaringan normal di 4G. Mood yang sedang asik bermain seketika berubah. Terima kasih.",
MZOX GAMEZ,21/08/2020,3,"Saya kasih bintang 3 dulu yah karena hanya 2 map saya saja yang bisa saya mainkan yaitu lirik dan erangel yang lain tidak (miramar, vikrndi, sanhok) saat saya doawnload maunya tapi malah eror dan keluar dari game kenapa bisa seperti itu yah tolong diperbaiki",
Muadz Abdul majid,07/08/2020,1,"Dulu saya sangat suka dengan game ini, tapi kok makin ke sini update Mulu, udh update ratusan MB trus 18 kali lagi saya uninstall trus saya instal lagi abis 3 hari gitu lagi saya uninstall trus saya instal lagi tapi ini gini lagi, mohon ini diperbaiki setiap 3 hari kok kaya gini, saya jadi ngga bisa menikmati gamenya saya juga udh instal berulang kali kok ga bisa-bisa ini gimana ya, udh mau selese pasti ngulang saya udh nunggu berhari2 bayangkan berapa giga udh kebuang, tolong ini gimana respon",
Azhar Maulana Bayhaqi,06/08/2020,2,"Dulu sih biasa2 aja tapi semenjak update versi terbaru ini kok ping saya stuck di 300-700 kenapa yaa udah coba install ulang tapi masih sama aja....padahal kuota juga masih banyak, jaringan lancar tapi kok ping nya merah/kuning teruuuusssss",1
Ghina,05/08/2020,1,"Pas lagi main klasik tiba-tiba koneksi server tidak stabil atau apalah itu padahal signalnya bagus dan baik-baik aja. Udah relog bolak-balik tapi tetep gabisa masuk lobby, dan akhirnya pas nyambungin ke wifi baru bisa tapi malah gabisa masuk lagi ke pertempuran, katanya ""Anda terlalu lama mendiamkan menu utama."" Fak lah. Terus juga bugnya mobil yang sering masuk/tertancap di tanah tanpa ada alasan yang jelas padahal ga ngapa-ngapain. Ini masih sabar karena nggak pake capslock nulisnya :)",6
Mena Margaretha,12/08/2020,4,Saya masih sedikit kecewa dengan mode arcade Sniper. Karena saya sangat jengkel dengan bocah-bocah yang melawan menggunakan pistol di jarak dekat. Tolong di hapus aja pistol di mode arcade sniper. Karena ini mode sniper bukan pistol hue :v,
I Nyoman Dimas mahardika,19/08/2020,3,"Tencent kenapa pubg saya tidak bisa masuk match ,setiap saya start lagu di loby masih kedengeran ,setelah di tunggu bukanya masuk match malah kembali ke loby disertai tulisan ""Server tidak merespon pertandingan"". Saya mohon tolong diperbaiki ya tencentğŸ™ğŸ™.",
Muhammad Ilyas,11/08/2020,5,"Sangat besar sekali :) Pembaharuan season 14 sudah menghabiskan banyak ruang... Dan ini ditambah 1,9GB again... Ini game khusus Handphonenya Sultan :D Handphone kentang disuruh minggir dulu :'( Terimakasih atas respondnya Tencent. :D Oh ya.. tolong dong, peti2 hadiah itu isinya jangan koin-koin silver itu terus :D masak tidak dapat skin gitu yang bagus, dapatnya silver fragmen apa itu namanya wkwk.",1
lucius xander,05/08/2020,1,"Ini dinyuruh main game atau dinyuruh update aplikasi ya, kita butuhkan adalh permainan bukan terus terusan mengupdate atau memperbarui aplikasi, kalo downlaod aplikasi ini hanya untuk update dan pembaruan aplikasi buat apa aku dw, yg aku butuhkan adalah permainan, bukan harus update aplikasi, gimana update pun masih tetap sama aja permainanya tetap begitu, gk ada perubahan cara main yg lebih baik dan bagus, apa lg tambah peta baru hanya habisin ruang memory aja, permainanya tetap sama begitu jg",
Ismail Marzuki,07/08/2020,1,Seperti nya saya kurang nyaman main PUBG. Karna game ini kebanyakan ngefarme. Jadi males main nyaa. Tolong kepada pihak tencent. Mohon segera di benahi buat game ini. Supaya main nya nyaman buat semua penggemar PUBG. Terimakasih,
Erica Aprilia,24/08/2020,4,"Grafik sdh bagus, tpi bug voice dan lain lain masih sering terjadi, tolong segera di benarkan :) apabila ada event penukaran bunga dengann baju yg sdh tersedia pada pilihan tolong lah waktu eventnya di sesuaiakan sama jumlah perolehan bunga per harinya. Apabila jumlah total penukaran baju di event sebanyak 198 bunga, sedangkan jumlah perolehan bunga per hari hanya 5 bunga, batas event cuma 1 minggu pasti pemain akan kecewa dgn batas waktu event yg di berikan karena tdk cukup bunga untuk ditukar",
Ryan Raditya Hidayat,25/08/2020,1,"Game ini sebenernya seru, tapi makin di-update makin ngeleg. Padahal jaringan hp saya 4 G plus tapi masih ngeleg. contohnya itu kayak saya bisa msk dlm matchmacking tp gk bisa msk dlm pertandingan gara2 ngeleg. Anjing itu yg plg saya benci. Tolong direspon pihak Tencent jgn dibaca aja...",
Gamers Pemula,16/08/2020,1,"LAG parah, padahal jaringan Bagus, kemarin aku LAG, di suruh ganti HP skekarang udh ganti HP malah LAG yg ngga jelas lagi, TENCENT parah, adminnya pada sibuk Tidur, ngga liat Report yang tersedia di dalam game,... kan Kintol... !!",
gelap gulita,08/08/2020,1,"Kenapa sekarang klo main susah kontrol,jaringan di kuning terus padahal mainya tengah malam,sebelum seson ini jaringannya bagus ijo terus,,,,SAYA SANGAT KECEWA,BIKIN MALES MAIN,,sekarang udah gak nyaman lgi,dan udah jarang main nih game,,",
Azhar,16/08/2020,2,"Tencent tolong kenapa bug arena ga bisa liat karakter teman sama karakter lawan.. dan sering bug sepektator ga bisa liat teman ketika karakter saya mati, dan saat itu ga bisa nontn teman main, jadi ga bisa ngasih informasi lawan dimana ke teman,, bugnya tu karakter temen setak dimana pas gua mati.. @tencent tolong bantuannya.. Gua udah uninstall 2 kali tapi tetep sama aja.? Bug terjadi ketika gua punya kuota sedngkan gua sering main pake wifi trus..",
Rio Thaal,31/07/2020,1,"Katanya chiter sudah di banned semua, tapi kok season 14 ini saya lebih banyak ketemu chiter dari pada season kemarin, jadi malas mainnya nih. Sy ketemu chiter di season 14 ini sudah belasan kali, jadi tolong di perbaiki gamenya.",
Rio Febrio,19/08/2020,1,"Tiap kali update saya kira makin lancar padahal makin hancur,konesi jaringan tambah tidak stabil padahal game yg lain sangat stabil,udah download dengan data yang besar tapi kepuasan main kami tidak terbayar, tiap game cheating dan dan tidak bisa di pungkiri tapi klu koneksi yang tidak stabil bagaimana mau melawan Thank's Tancent",
taufik supriyanta,05/08/2020,2,"Saya sangat menikmati permainan, bahkan sudah lebih dari setahun saya bermain. Tapi hari ini saya benar-benar kecewa karena ditengah pertempuran tiba-tiba saya dikeluarkan dan saat saya sedang mencoba masuk kembali ternyata akun saya terblokir selama satu hari. Alasaya kesalahan pengguna. Maksudnya apa sih? Emang saya cheating? Emang saya bicara kasar? Emang saya merugikan teman satu team ? Saya bermain dengan wajar saja gak pernah kayak gitu. Mengecewakan",5
Aegis si Gaming,17/08/2020,5,"Kalo ini game cuma bintang 3 ,2 ,1 gpp itu cuma orang yg punya hp kentang-kentang, makanya main tu epep buat lu yg burikan pintu gak ada, gak bisa parkour. Maaf buat tencent sudah buat PUBG karena bintang 1 saya doakan menjadi lebih bagus PUBG.",2
Theresia GachaTuber,25/08/2020,4,"Eh...Aink punya cerita-ni ....... Akun ku kan dah lama kan,Biasa-Lah aku kalo dah bocen mesti game itu akan ku-Hapus itu yang ku-Lakukan PuBg kuhapus dah ngerasa bocen sih,....... Aku donload lagi pas dah beberapa minggu masuk maen map livik tau-tau Nge-bag dong,Nge-bag nya gak bisa masuk lobby kan aku ulang lagi kan dah masuk tapi kayak aku tau-tau di Air aku Up terus tau-tau Knock dong dead deh:( Aku maen di map Erangel Ngebag kayak tadi lagi dong:(.....Ngomong-Ngomong aku maen Squad.Mohon....",
edwardlaz edhu,06/08/2020,1,"Saya tidak setuju dengan adanya update an, seperti firaun firaun, karena merusak lootingan seperti di kompon2 terkecil, maupun rumah2.. Tolong pihak tencent, agar menghapus segala sesuatu yg ada di firaun2 itu.. Saya tidak setuju",
GBR.R.R 17,26/08/2020,2,"Hallo, untuk kepada developer game pubg mobile, saya sarankan untuk menghapus event yang tidak terlalu di butuhkan karena itu memakan memory juga, saya sebagai menggunakan smartphone sangat merugikan hal tersebut, untuk map baru saya sarankan dihapus saja karena itu membuat hp berat dan renderingnya lama sekali.. saya mohon sekali untuk di fix karena demi kebaikan game pubg mobile juga kedepannya.. sekian dari saya terimakasih game pubg mobile saya harap daveloper membacanya",
Dewa Gede Anggan Candra Wisnawa,14/08/2020,1,Halo Tencent tolong perbaiki masalah koneksi padahal sinyal lancar lancar aja tapi waktu saya buka aplikasi PUBG sinyal nya itu jadi lemot kenapa terus lemot di server Asia ??? Fix dulu sinyal nya baru update kalo update selanjutnya sinyal tidak di Fix Gua pindah aja ke Game sebelah!!!,1
M.BAGAS. SATRIO.W,09/08/2020,1,"Maaf tencent,aku harus kasih bintang satu,mengapa?,karena pubg sekarang membuat player hp kentang banyak kendala,kendala 1: penyimpanan semakin menipis,penyimpanan saya tinggal 4,4 gb,apa lagi ada update besar-besaran,jadi penuh dan hp ku rusak,yang kedua,suka ngehang saat bermain,itulah hal yang hal aku alami setiap bermain pubg,yang ketiga,hp cepat panas,setiap aku bermain pubg,diatas 15 mnt udah panas,panas nya bisa buat masak telor 2 tuh,tolong tencent dengar kan masukan saya",4
Kaleng Gaming,11/08/2020,5,"Kepada pihak pubg mobile...saya sebagai player di pubg merasa kecewa terhadap sistem terbaru yaitu sistem unbind.. kmren saya unbind FB agar single twiter..dan setelah menunggu proses 7 hari..malah ke banned...dan saya melihat di ban reason, saya di tuduh menggunakan cheat atau aplikasi ilegal lainnya..tolong pihak pubg mobile.. kembalikan akun saya dan akum temen Â² lain yg ke baned karna sistem unbind ini..ğŸ™ğŸ™",2
muhammad ikhsan,12/08/2020,5,"Menurut saya game nya sudah bagus, tapi bisa ga mode zombie nya di kembalikan lagi karena saya dan teman-teman saya dulu suka main di sana, tapi malah hilang, jadi saya mohon kepada TENCENT tolong kembalikan mode zombie kalu bisa, supaya saya dan teman-teman saya bisa main lagi di sana.ğŸ˜„ğŸ‘",
Voly ball Universitas Negeri,12/08/2020,1,"Masak karna gua kill 10 terus, krna teman satu tim gua kalah adu aim di kirain gua chit terus gua knak report stelah tuh gak bisa gerak lagi, perbaikan lah tencen tolong pembaharuan harusnya makin bagus bukanya makin buriqq ,,,kalau emang gak komentar kami gak kau baca hapus aja game Muh!!!!! ,,,",
wira and,26/08/2020,1,"saya kasih bintang satu dulu,karena pengalaman saya bermain game ini selama 7 season kenapa penyimpanan nya makin naik terus sampai gak semua Hp dapat main game ini,setelah itu juga bug bug nya juga sangat banyak,tolong dong di perhatikan",
KUN. EXE,26/08/2020,4,"Hai Tencent,kenapa pas file obb saya hilang,dan saya mendownload file obbnya di google chrome,dan saya pindah ke file android ->obb ->com.tencent.ig.Saya sudah membuka pubg mobile kok tidak bisa...tolong dibetulkan yaa...saya tunggu update nya",
